Component,References,MFGR,MPN,Value,Tolerance,Desc,Footprint,Stock,Stock Date,Quantity Per PCB,Unit Cost
1,C63 C136 C320 C358 C489 C527 C658 C696 C827 C865 C996 C1034 C1165 C1203 C1334 C1372,KYOCERA AVX,08055A6R0CAT2A,6 pF,+/- 0.25 pF,CAP CER 6PF 50V C0G/NP0 0805,C_0805_2012Metric_Pad1.27x1.45mm_HandSolder,27025,09/18/2023,16,0.15
2,C69 C142 C326 C364 C495 C533 C664 C702 C833 C871 C1002 C1040 C1171 C1209 C1340 C1378,KYOCERA AVX,08055A100BAT2A,10 pF,+/-0.1 pF,CAP CER 10PF 50V NP0 0805,C_0805_2012Metric_Pad1.27x1.45mm_HandSolder,5953,09/18/2023,16,0.20
3,C65 C68 C138 C141 C322 C325 C360 C363 C491 C494 C529 C532 C660 C663 C698 C701 C829 C832 C867 C870 C998 C1001 C1036 C1039 C1167 C1170 C1205 C1208 C1336 C1339 C1374 C1377,Vishay Vitramon,VJ0805A120GXJCW1BC,12 pF,2%,CAP CER 12PF 16V C0G/NP0 0805,C_0805_2012Metric_Pad1.27x1.45mm_HandSolder,285,09/18/2023,32,0.17
4,C54 C152 C311 C349 C480 C518 C649 C687 C818 C856 C987 C1025 C1156 C1194 C1325 C1363,Murata Electronics,GQM2195C2E140JB12D,14 pF,5%,CERAMIC CAP MLCC HIGH-Q 125C NPO/COG 5%,C_0805_2012Metric_Pad1.27x1.45mm_HandSolder,3801,09/18/2023,16,0.30
5,C61 C159 C318 C356 C487 C525 C656 C694 C825 C863 C994 C1032 C1163 C1201 C1332 C1370,KYOCERA AVX,KGQ21HCG2D150GT,15 pF,2%,CAP CER 15PF 200V NP0 0805,C_0805_2012Metric_Pad1.27x1.45mm_HandSolder,4426,09/18/2023,16,0.11
6,C66 C139 C323 C361 C492 C530 C661 C699 C830 C868 C999 C1037 C1168 C1206 C1337 C1375,Walsin Technology Corporation,0805N180F500CT,18 pF,2%,CAP CER 18PF 50V C0G/NP0 0805,C_0805_2012Metric_Pad1.27x1.45mm_HandSolder,6859,09/18/2023,16,0.12
7,C58 C59 C60 C156 C157 C158 C315 C316 C317 C353 C354 C355 C484 C485 C486 C522 C523 C524 C653 C654 C655 C691 C692 C693 C822 C823 C824 C860 C861 C862 C991 C992 C993 C1029 C1030 C1031 C1160 C1161 C1162 C1198 C1199 C1200 C1329 C1330 C1331 C1367 C1368 C1369,KYOCERA AVX,0805YA300FAT2A,30 pF,1%,16V 30pF C0G 0805 1%,C_0805_2012Metric_Pad1.27x1.45mm_HandSolder,682,11/23/2023,48,0.28
8,C53 C70 C143 C151 C310 C327 C348 C365 C479 C496 C517 C534 C648 C665 C686 C703 C817 C834 C855 C872 C986 C1003 C1024 C1041 C1155 C1172 C1193 C1210 C1324 C1341 C1362 C1379,YAGEO,CC0805GRNPO9BN330,33 pF,2%,CAP CER 33PF 50V C0G/NPO 0805,C_0805_2012Metric_Pad1.27x1.45mm_HandSolder,8932,09/18/2023,32,0.14
9,C55 C153 C312 C350 C481 C519 C650 C688 C819 C857 C988 C1026 C1157 C1195 C1326 C1364,KEMET,C0805C430G5GACTU,43 pF,2%,CAP CER 43PF 50V NP0 0805,C_0805_2012Metric_Pad1.27x1.45mm_HandSolder,2192,11/23/2023,16,0.45
10,C56 C57 C154 C155 C313 C314 C351 C352 C482 C483 C520 C521 C651 C652 C689 C690 C820 C821 C858 C859 C989 C990 C1027 C1028 C1158 C1159 C1196 C1197 C1327 C1328 C1365 C1366,KEMET,C0805C430G5GAC7800,43 pF,2%,CAP CER 43PF 50V NP0 0805,C_0805_2012Metric_Pad1.27x1.45mm_HandSolder,2307,09/18/2023,32,0.43
11,C62 C135 C319 C357 C488 C526 C657 C695 C826 C864 C995 C1033 C1164 C1202 C1333 C1371,Walsin Technology Corporation,0805N470G160CT,47 pF,2%,CAP CER 47PF 16V C0G/NP0 0805,C_0805_2012Metric_Pad1.27x1.45mm_HandSolder,18653,09/18/2023,16,0.06
12,C67 C140 C324 C362 C493 C531 C662 C700 C831 C869 C1000 C1038 C1169 C1207 C1338 C1376,KYOCERA AVX,08055A580FAT2A,58 pF,2%,CAP CER 58PF 50V NP0 0805,C_0805_2012Metric_Pad1.27x1.45mm_HandSolder,644,09/18/2023,16,0.38
13,C64 C137 C321 C359 C490 C528 C659 C697 C828 C866 C997 C1035 C1166 C1204 C1335 C1373,Vishay Vitramon,VJ0805A680GXAPW1BC,68 pF,±2%,CAP CER 68PF 50V C0G/NP0 0805,C_0805_2012Metric_Pad1.27x1.45mm_HandSolder,7480,11/23/2023,16,0.16
14,C78 C167 C332 C370 C501 C539 C670 C708 C839 C877 C1008 C1046 C1177 C1215 C1346 C1384,Walsin Technology Corporation,0805N820G500CT,82 pF,2%,CAP CER 82PF 50V C0G/NP0 0805,C_0805_2012Metric_Pad1.27x1.45mm_HandSolder,12882,09/18/2023,16,0.07
15,C81 C82 C149 C150 C335 C336 C373 C374 C504 C505 C542 C543 C673 C674 C711 C712 C842 C843 C880 C881 C1011 C1012 C1049 C1050 C1180 C1181 C1218 C1219 C1349 C1350 C1387 C1388,KYOCERA AVX,08055A960FAT2A,96 pF,2%,CAP CER 96PF 50V NP0 0805,C_0805_2012Metric_Pad1.27x1.45mm_HandSolder,2558,09/18/2023,32,0.38
16,C77 C148 C341 C379 C510 C548 C679 C717 C848 C886 C1017 C1055 C1186 C1224 C1355 C1393,KEMET,C1206X101KDRACTU,100 pF,10%,CAP CER 100PF 1KV X7R 1206,C_1206_3216Metric_Pad1.6x1.8mm,4236,06/20/2024,16,0.47
17,C80 C169 C334 C372 C503 C541 C672 C710 C841 C879 C1010 C1048 C1179 C1217 C1348 C1386,YAGEO,CC0805GRNPO9BN121,120 pF,2%,CAP CER 120PF 50V C0G/NPO 0805,C_0805_2012Metric_Pad1.27x1.45mm_HandSolder,3874,09/18/2023,16,0.13
18,C79 C168 C333 C371 C502 C540 C671 C709 C840 C878 C1009 C1047 C1178 C1216 C1347 C1385,KYOCERA AVX,08055A131GAT2A,130 pF,2%,CAP CER 130PF 50V NP0 0805,C_0805_2012Metric_Pad1.27x1.45mm_HandSolder,6519,09/18/2023,16,0.31
19,C71 C72 C178 C179 C330 C331 C368 C369 C499 C500 C537 C538 C668 C669 C706 C707 C837 C838 C875 C876 C1006 C1007 C1044 C1045 C1175 C1176 C1213 C1214 C1344 C1345 C1382 C1383,KYOCERA AVX,08051A201GAT2A,200 pF,2%,CAP CER 200PF 100V NP0 0805,C_0805_2012Metric_Pad1.27x1.45mm_HandSolder,9122,09/18/2023,32,0.26
20,C170 C171 C181 C182 C328 C329 C366 C367 C497 C498 C535 C536 C666 C667 C704 C705 C835 C836 C873 C874 C1004 C1005 C1042 C1043 C1173 C1174 C1211 C1212 C1342 C1343 C1380 C1381,YAGEO,CC0805GRNPO9BN681,680 pF,2%,CAP CER 680PF 50V C0G/NPO 0805,C_0805_2012Metric_Pad1.27x1.45mm_HandSolder,4395,09/18/2023,32,0.13
21,C18 C31 C46 C74 C85 C100 C113 C128 C145 C174 C229 C242 C257 C275 C288 C303 C338 C344 C376 C382 C398 C411 C426 C444 C457 C472 C507 C513 C545 C551 C567 C580 C595 C613 C626 C641 C676 C682 C714 C720 C736 C749 C764 C782 C795 C810 C845 C851 C883 C889 C905 C918 C933 C951 C964 C979 C1014 C1020 C1052 C1058 C1074 C1087 C1102 C1120 C1133 C1148 C1183 C1189 C1221 C1227 C1243 C1256 C1271 C1289 C1302 C1317 C1352 C1358 C1390 C1396,KYOCERA AVX,KGM21NR71H102KT,1 nF,10%,CAP CER 1000PF 50V X7R 0805,C_0805_2012Metric_Pad1.18x1.45mm_HandSolder,374590,09/17/2023,80,0.10
22,C75 C146 C339 C377 C508 C546 C677 C715 C846 C884 C1015 C1053 C1184 C1222 C1353 C1391,YAGEO,CC0805KRX7R9BB103,0.01 uF,10%,CAP CER 10000PF 50V X7R 0805,C_0805_2012Metric_Pad1.18x1.45mm_HandSolder,1007451,10/13/2023,16,0.10
23,C9 C10 C11 C12 C13 C14 C15 C16 C17 C21 C24 C29 C30 C34 C36 C37 C42 C48 C91 C92 C93 C94 C95 C96 C97 C98 C99 C103 C106 C111 C112 C116 C118 C119 C124 C130 C163 C164 C165 C166 C224 C225 C226 C227 C228 C232 C235 C240 C241 C245 C247 C248 C253 C259 C266 C267 C268 C269 C270 C271 C272 C273 C274 C278 C281 C286 C287 C291 C293 C294 C299 C305 C389 C390 C391 C392 C393 C394 C395 C396 C397 C401 C404 C409 C410 C414 C416 C417 C422 C428 C435 C436 C437 C438 C439 C440 C441 C442 C443 C447 C450 C455 C456 C460 C462 C463 C468 C474 C558 C559 C560 C561 C562 C563 C564 C565 C566 C570 C573 C578 C579 C583 C585 C586 C591 C597 C604 C605 C606 C607 C608 C609 C610 C611 C612 C616 C619 C624 C625 C629 C631 C632 C637 C643 C727 C728 C729 C730 C731 C732 C733 C734 C735 C739 C742 C747 C748 C752 C754 C755 C760 C766 C773 C774 C775 C776 C777 C778 C779 C780 C781 C785 C788 C793 C794 C798 C800 C801 C806 C812 C896 C897 C898 C899 C900 C901 C902 C903 C904 C908 C911 C916 C917 C921 C923 C924 C929 C935 C942 C943 C944 C945 C946 C947 C948 C949 C950 C954 C957 C962 C963 C967 C969 C970 C975 C981 C1065 C1066 C1067 C1068 C1069 C1070 C1071 C1072 C1073 C1077 C1080 C1085 C1086 C1090 C1092 C1093 C1098 C1104 C1111 C1112 C1113 C1114 C1115 C1116 C1117 C1118 C1119 C1123 C1126 C1131 C1132 C1136 C1138 C1139 C1144 C1150 C1234 C1235 C1236 C1237 C1238 C1239 C1240 C1241 C1242 C1246 C1249 C1254 C1255 C1259 C1261 C1262 C1267 C1273 C1280 C1281 C1282 C1283 C1284 C1285 C1286 C1287 C1288 C1292 C1295 C1300 C1301 C1305 C1307 C1308 C1313 C1319,Würth Elektronik,885012206045,0.068 uF,10%,CAP CER 0.068UF 16V X7R 0603,C_0603_1608Metric_Pad1.08x0.95mm_HandSolder,3629,12/14/2023,288,0.10
24,C73 C144 C337 C375 C506 C544 C675 C713 C844 C882 C1013 C1051 C1182 C1220 C1351 C1389 D34 D35 J11 J12 J13 J14 J39 J40 JP1 JP2 U18 U30 U61 U63 U88 U90 U115 U117 U142 U144 U169 U171 U196 U198 U223 U225,DNI,DNI,0.068 uF,10%,CAP CER 0.068UF 50V X7R 0805 LED GREEN CLEAR 2SMD 2 mA TEST CURRENT Debug Header Pins Only CONN MMCX JACK STR 50 OHM PCB CONN HEADER VERT 2POS 2.54MM IC RF DETECT 100MHZ-2.5GHZ SOT23,C_0805_2012Metric_Pad1.18x1.45mm_HandSolder,10072 11251 N/A 15028 154069 12578,10/13/2023 09/15/2023 N/A 11/28/2023 11/22/2023 11/23/2023,42,0.0 0.00
25,C3 C4 C8 C19 C20 C32 C47 C76 C84 C88 C90 C101 C102 C114 C129 C147 C160 C162 C173 C177 C180 C230 C231 C243 C258 C265 C276 C277 C289 C304 C340 C343 C347 C378 C381 C385 C386 C388 C399 C400 C412 C427 C434 C445 C446 C458 C473 C509 C512 C516 C547 C550 C554 C555 C557 C568 C569 C581 C596 C603 C614 C615 C627 C642 C678 C681 C685 C716 C719 C723 C724 C726 C737 C738 C750 C765 C772 C783 C784 C796 C811 C847 C850 C854 C885 C888 C892 C893 C895 C906 C907 C919 C934 C941 C952 C953 C965 C980 C1016 C1019 C1023 C1054 C1057 C1061 C1062 C1064 C1075 C1076 C1088 C1103 C1110 C1121 C1122 C1134 C1149 C1185 C1188 C1192 C1223 C1226 C1230 C1231 C1233 C1244 C1245 C1257 C1272 C1279 C1290 C1291 C1303 C1318 C1354 C1357 C1361 C1392 C1395 C1399,Yageo,CC0805KRX7R8BB104,0.1 uF,10%,CAP CER 0.1UF 25V X7R 0805,C_0805_2012Metric_Pad1.18x1.45mm_HandSolder,297406,11/23/2023,138,0.14
26,C22 C23 C25 C26 C27 C33 C35 C38 C39 C40 C41 C44 C49 C50 C51 C52 C104 C105 C107 C108 C109 C115 C117 C120 C121 C122 C123 C126 C131 C132 C133 C134 C183 C184 C185 C186 C187 C188 C189 C190 C191 C192 C193 C194 C195 C196 C197 C198 C199 C200 C201 C202 C203 C204 C205 C206 C207 C208 C209 C210 C211 C212 C213 C214 C215 C216 C217 C218 C219 C220 C221 C222 C223 C233 C234 C236 C237 C238 C244 C246 C249 C250 C251 C252 C255 C260 C261 C262 C263 C279 C280 C282 C283 C284 C290 C292 C295 C296 C297 C298 C301 C306 C307 C308 C309 C402 C403 C405 C406 C407 C413 C415 C418 C419 C420 C421 C424 C429 C430 C431 C432 C448 C449 C451 C452 C453 C459 C461 C464 C465 C466 C467 C470 C475 C476 C477 C478 C571 C572 C574 C575 C576 C582 C584 C587 C588 C589 C590 C593 C598 C599 C600 C601 C617 C618 C620 C621 C622 C628 C630 C633 C634 C635 C636 C639 C644 C645 C646 C647 C740 C741 C743 C744 C745 C751 C753 C756 C757 C758 C759 C762 C767 C768 C769 C770 C786 C787 C789 C790 C791 C797 C799 C802 C803 C804 C805 C808 C813 C814 C815 C816 C909 C910 C912 C913 C914 C920 C922 C925 C926 C927 C928 C931 C936 C937 C938 C939 C955 C956 C958 C959 C960 C966 C968 C971 C972 C973 C974 C977 C982 C983 C984 C985 C1078 C1079 C1081 C1082 C1083 C1089 C1091 C1094 C1095 C1096 C1097 C1100 C1105 C1106 C1107 C1108 C1124 C1125 C1127 C1128 C1129 C1135 C1137 C1140 C1141 C1142 C1143 C1146 C1151 C1152 C1153 C1154 C1247 C1248 C1250 C1251 C1252 C1258 C1260 C1263 C1264 C1265 C1266 C1269 C1274 C1275 C1276 C1277 C1293 C1294 C1296 C1297 C1298 C1304 C1306 C1309 C1310 C1311 C1312 C1315 C1320 C1321 C1322 C1323,Yageo,CC1206KKX7RYBB104,0.1 uF,10%,CAP CER 0.1UF 250V X7R 1206,C_1206_3216Metric_Pad1.6x1.8mm,1075,03/02/2022,297,0.33
27,C7 C89 C161 C264 C387 C433 C556 C602 C725 C771 C894 C940 C1063 C1109 C1232 C1278,Würth Elektronik,885012206095,0.1 uF,10%,CAP CER 0.1UF 50V X7R 0603,C_0603_1608Metric_Pad1.08x0.95mm_HandSolder,69813,10/12/2024,16,0.10
28,C28 C43 C45 C110 C125 C127 C239 C254 C256 C285 C300 C302 C408 C423 C425 C454 C469 C471 C577 C592 C594 C623 C638 C640 C746 C761 C763 C792 C807 C809 C915 C930 C932 C961 C976 C978 C1084 C1099 C1101 C1130 C1145 C1147 C1253 C1268 C1270 C1299 C1314 C1316,Würth Elektronik,885012206050,0.47 uF,10%,CAP CER 0.47UF 16V X7R 0603,C_0603_1608Metric_Pad1.08x0.95mm_HandSolder,20496,12/14/2023,48,0.10
29,C86 C175 C345 C383 C514 C552 C683 C721 C852 C890 C1021 C1059 C1190 C1228 C1359 C1397,Yageo,C0805C684K5RAC7800,0.68 uF,10%,CAP CER 0.68UF 50V X7R 0805,C_0805_2012Metric_Pad1.18x1.45mm_HandSolder,260679,09/17/2023,16,0.19
30,C83 C172 C342 C380 C511 C549 C680 C718 C849 C887 C1018 C1056 C1187 C1225 C1356 C1394,YAGEO,CC0805KFX7R8BB105,1 uF,10%,CAP CER 1UF 25V X7R 0805,C_0805_2012Metric_Pad1.18x1.45mm_HandSolder,53738,09/17/2023,16,0.14
31,C87 C176 C346 C384 C515 C553 C684 C722 C853 C891 C1022 C1060 C1191 C1229 C1360 C1398,Murata Electronics,GRM21BZ71E106KE15L,10 uF,10%,CAP CER 10UF 25V X7R 0805,C_0805_2012Metric_Pad1.18x1.45mm_HandSolder,37566,09/17/2023,16,0.21
32,C1 C2 C5 C6 C1400 C1401 C1402 C1403 C1404 C1405 C1406 C1407 C1408 C1409 C1410 C1411 C1412 C1413,Taiyo Yuden,EMK316BB7226ML-T,22 uF,10%,CAP CER 22UF 16V X7R 1206,C_1206_3216Metric_Pad1.33x1.80mm_HandSolder,201737,09/15/2023,18,0.75
33,D1 D2,Micro Commercial Co,3SMBJ5925B-TP,10V,NA,DIODE ZENER 10V 3W DO214AA,D_SMB,205135,4/8/2020,2,0.39
34,D31 D32,SMC Diode Solutions,1N4148W,1N4148W,,DIODE GEN PURP 75V 250MA SOD123,D_SOD-123,554913,11/22/2023,2,0.09
35,D12 D18 D20 D25 D27 D30 D39 D42 D47 D49 D54 D56 D61 D63 D68 D70,Diodes Incorporated,B260A-13-F,B260A,,DIODE SCHOTTKY 60V 2A SMA,D_SMA_Handsoldering,173952,09/17/2023,16,0.37
36,D9 D13 D15 D16 D22 D23 D36 D37 D44 D45 D51 D52 D58 D59 D65 D66,Diodes Incorporated,BAV99-7-F,BAV99_F,,DIODE ARRAY GP 75V 300MA SOT23-3,SOT-23,1758951,11/23/2023,16,0.10
37,D6 D8 D71 D72 D73 D74 D75 D76 D77,Kingbright,APT3216LVBC/D,BLUE,,LED BLUE CLEAR 2SMD 2 mA test 1206 (3216),LED_1206_3216Metric_Pad1.42x1.75mm_HandSolder,40919,08/29/2024,9,0.39
38,D5 D7,Kingbright,APTD3216LCGCK,GREEN,,LED GREEN CLEAR 2SMD,LED_1206_3216Metric_Pad1.42x1.75mm_HandSolder,22596,08/29/2024,2,0.25
39,D11 D17 D19 D24 D26 D29 D38 D40 D46 D48 D53 D55 D60 D62 D67 D69,Kingbright,APT3216LSECK/J3-PRV,RED,,LED RED CLEAR 2SMD,LED_1206_3216Metric_Pad1.42x1.75mm_HandSolder,10174,08/29/2024,16,0.39
40,D33,SMC Diode Solutions,SM712,SM712_SOT23,,"7V/12V TVS,PACKAGE SOT-23, TVS A",SOT-23,11947,11/22/2023,1,0.04
41,D10,Littelfuse Inc.,SMAJ20CA,SMAJ20CA,,TVS DIODE 20VWM 32.4VC DO214AC,D_SMA,29114,09/17/2023,1,0.43
42,D3 D4,STMicroelectronics,T3035H-6G-TR,T3035H-6G-TR,NA,TRIAC ALTERNISTOR 600V 30A D2PAK,TO-263-2,1960,4/8/2020,2,1.83
43,D14 D21 D28 D41 D43 D50 D57 D64,Kingbright,APT3216LSYCK/J3-PRV,YELLOW,,LED YELLOW CLEAR 2SMD,LED_1206_3216Metric_Pad1.42x1.75mm_HandSolder,16358,08/29/2024,8,0.19
44,F1 F2,Keystone Electronics,3568,Mini ATM,NA,FUSE HOLDER BLADE 500V 30A PCB,Fuseholder_Blade_Mini_Keystone_3568_3D_Fuse,56086,03/08/2020,2,1.03
45,FB1 FB2 FB3 FB4 FB5 FB6 FB7 FB8 FB9 FB10 FB11 FB12 FB13 FB14 FB15 FB16 FB17 FB18 FB19 FB20 FB21 FB22 FB23 FB24 FB25 FB26 FB27 FB28 FB29 FB30 FB31 FB32 FB33 FB34 FB35 FB36 FB37 FB38 FB39 FB40 FB41 FB42 FB43 FB44 FB45 FB46 FB47 FB48,Laird-Signal Integrity Products,HZ0805C202R-10,HZ0805C202R-10,NA,FERRITE BEAD 2 KOHM 0805 1LN,L_0805_2012Metric_Pad1.15x1.40mm_HandSolder,180780,03/03/2022,48,0.10
46,J1 J2,TE Connectivity AMP Connectors,826470-4,826470-4,,CONN HEADER SHROUDED R/A 8POS 2.54MM,AMPMODU_Mod II_826470-4_2x04_P2.54mm_Horizontal_Edge,1608,01/17/2024,2,2.35
47,J4,Molex,0431603104,Conn_01x04,,CONN HDR 4POS 7.50MM R/A SLDR,Molex_Sabre_43160-3104_3D_ThermalVias,12144,11/23/2023,1,2.32
48,J5,Molex,0022124042,Conn_01x04,,CONN HEADER R/A 4POS 2.54MM,Molex_0022124042_1x04_P2.54mm_Horizontal,16447,11/22/2023,1,0.75
49,J3,Molex,0431603106,Conn_01x06,,CONN HDR 6POS 7.50MM R/A SLDR BRD LOCK,Molex_Sabre_43160-3106_3D_Horizontal_ThermalVias,5206,03/08/2024,1,2.63
50,J6 J7 J8 J9 J15 J16 J17 J18 J19 J20 J21 J22 J23 J24 J25 J26 J27 J28 J29 J30 J31 J32 J33 J34 J35 J36 J37 J38 J43 J44 J57 J58,Molex,0734151471,Conn_Coaxial_Wiretie,,CONN MMCX JACK STR 50 OHM PCB,MMCX_Molex_73415-1471_Vertical_Ties,15028,11/28/2023,32,2.48
51,J10,Wurth Elektronik,61300611021,ICSP,,CONN HEADER R/A 6POS 2.54MM,ICSP,9077,11/22/2023,1,0.48
52,L2 L26 L56 L61 L110 L115 L164 L169 L218 L223 L272 L277 L326 L331 L380 L385,Coilcraft,0805HP-15NXGRC,15 nH,2%,15 nH High Q Ceramic Chip Inductor,L_0805_2012Metric_Pad1.15x1.40mm_HandSolder,5959,11/30/2023,16,0.88
53,L7 L37 L66 L88 L120 L142 L174 L196 L228 L250 L282 L304 L336 L358 L390 L412,Coilcraft,0805CS-360XGRC,36 nH,±2%,36 nH High Temperature Ceramic Chip Inductor,L_0805_2012Metric_Pad1.15x1.40mm_HandSolder,2631,8/3/2023,16,0.68
54,L8 L38 L67 L89 L121 L143 L175 L197 L229 L251 L283 L305 L337 L359 L391 L413,Coilcraft,0805HP-47NXGRC,47 nH,±2%,47 nH High Q Ceramic Chip Inductor,L_0805_2012Metric_Pad1.15x1.40mm_HandSolder,5974,8/3/2023,16,0.70
55,L6 L10 L11 L31 L32 L36 L65 L69 L70 L87 L91 L92 L119 L123 L124 L141 L145 L146 L173 L177 L178 L195 L199 L200 L227 L231 L232 L249 L253 L254 L281 L285 L286 L303 L307 L308 L335 L339 L340 L357 L361 L362 L389 L393 L394 L411 L415 L416,Coilcraft,0805HP-101XGRC,100 nH,±2%,100 nH High Q Ceramic Chip Inductor,L_0805_2012Metric_Pad1.15x1.40mm_HandSolder,5742,11/23/2023,48,0.88
56,L9 L30 L68 L90 L122 L144 L176 L198 L230 L252 L284 L306 L338 L360 L392 L414,Coilcraft,1008HT-R14TGRC,140 nH,±2%,140 nH High Q Ceramic Chip Inductor,L_0805_2012Metric_Pad1.15x1.40mm_HandSolder,10700,9/18/2023,16,0.70
57,L17 L41 L79 L101 L133 L155 L187 L209 L241 L263 L295 L317 L349 L371 L403 L425,Coilcraft,0805HP-181XGRC,180 nH,±2%,180 nH High Q Ceramic Chip Inductor,L_0805_2012Metric_Pad1.15x1.40mm_HandSolder,12061,8/3/2023,16,0.70
58,L19 L23 L34 L43 L81 L85 L103 L107 L135 L139 L157 L161 L189 L193 L211 L215 L243 L247 L265 L269 L297 L301 L319 L323 L351 L355 L373 L377 L405 L409 L427 L431,Coilcraft,0805HP-201XGRC,200 nH,±2%,200 nH High Q Ceramic Chip Inductor,L_0805_2012Metric_Pad1.15x1.40mm_HandSolder,5575,8/3/2023,32,0.88
59,L15 L39 L77 L99 L131 L153 L185 L207 L239 L261 L293 L315 L347 L369 L401 L423,Coilcraft,0805HP-251XGRC,250 nH,±2%,250 nH High Q Ceramic Chip Inductor,L_0805_2012Metric_Pad1.15x1.40mm_HandSolder,5649,8/3/2023,16,0.70
60,L18 L42 L80 L102 L134 L156 L188 L210 L242 L264 L296 L318 L350 L372 L404 L426,Coilcraft,0805HP-271XGRC,270 nH,±2%,270 nH High Q Ceramic Chip Inductor,L_0805_2012Metric_Pad1.15x1.40mm_HandSolder,9233,8/3/2023,16,0.70
61,L13 L20 L21 L44 L45 L50 L75 L82 L83 L97 L104 L105 L129 L136 L137 L151 L158 L159 L183 L190 L191 L205 L212 L213 L237 L244 L245 L259 L266 L267 L291 L298 L299 L313 L320 L321 L345 L352 L353 L367 L374 L375 L399 L406 L407 L421 L428 L429,Coilcraft,0805HP-391XGRC,390 nH,2% ±2%,390 nH High Q Ceramic Chip Inductor,L_0805_2012Metric_Pad1.15x1.40mm_HandSolder,2366,11/23/2023,48,0.70
62,L22 L24 L33 L35 L84 L86 L106 L108 L138 L140 L160 L162 L192 L194 L214 L216 L246 L248 L268 L270 L300 L302 L322 L324 L354 L356 L376 L378 L408 L410 L430 L432,Coilcraft,1008CS-681XGRC,680 nH,±2%,680 nH High Q Ceramic Chip Inductor,1008CS_Handsolder,2536,8/3/2023,32,0.73
63,L12 L14 L16 L40 L47 L49 L51 L53 L72 L74 L76 L78 L94 L96 L98 L100 L126 L128 L130 L132 L148 L150 L152 L154 L180 L182 L184 L186 L202 L204 L206 L208 L234 L236 L238 L240 L256 L258 L260 L262 L288 L290 L292 L294 L310 L312 L314 L316 L342 L344 L346 L348 L364 L366 L368 L370 L396 L398 L400 L402 L418 L420 L422 L424,Coilcraft,1008CS-132XGRC,1.3 uH,±2%,1.3 uH Ceramic Chip Inductor,1008CS_Handsolder,5256,8/3/2023,64,0.73
64,L3 L4 L5 L27 L28 L29 L57 L58 L59 L62 L63 L64 L111 L112 L113 L116 L117 L118 L165 L166 L167 L170 L171 L172 L219 L220 L221 L224 L225 L226 L273 L274 L275 L278 L279 L280 L327 L328 L329 L332 L333 L334 L381 L382 L383 L386 L387 L388,Coilcraft,1008CS-472XJLC,4.7 uH,5%,FIXED IND 1008 4.7uH 5% 260mA 4Ohms,1008CS,77719,03/03/2022,48,0.51
65,L46 L48 L52 L54 L71 L73 L93 L95 L125 L127 L147 L149 L179 L181 L201 L203 L233 L235 L255 L257 L287 L289 L309 L311 L341 L343 L363 L365 L395 L397 L417 L419,Coilcraft,1008CS-472XGRC,4.7 uH,±2%,4.7 uH Ceramic Chip Inductor,1008CS_Handsolder,53608,8/3/2023,32,0.73
66,L1 L25 L55 L60 L109 L114 L163 L168 L217 L222 L271 L276 L325 L330 L379 L384,Coilcraft,1205POC-103,10 uH,20%,Power Injection Chokes for PoC,1205POC,4766,09/26/2023,16,1.10
67,Q1 Q2,Infineon Technologies,DMP2002UPS-13,BSC030P03NS3GAUMA1,NA,MOSFET P-CH 30V 100A TDSON-8,TDSON-8-1_3_PIN,89888,4/10/2020,2,2.20
68,R35 R76 R146 R155 R190 R199 R234 R243 R278 R287 R322 R331 R366 R375 R410 R419 R449,YAGEO,RC0805JR-070RL,0 Ohm,Jumper,RES 0 OHM JUMPER 1/8W 0805,R_0805_2012Metric_Pad1.20x1.40mm_HandSolder,1615335,09/17/2023,17,0.1
69,R4 R16 R424 R428 R432 R436 R440 R444 R448,YAGEO,RC0805FR-071RL,1 Ohm,1%,RES 1 OHM 1% 1/8W 0805,R_0805_2012Metric_Pad1.20x1.40mm_HandSolder,937292,09/15/2023,9,0.10
70,R97 R98,Bourns Inc.,CMP0805-FX-10R0ELF,10 Ohm,1%,RESHIGHPOWER 0805 10R 1% 1/2W TC,R_0805_2012Metric_Pad1.20x1.40mm_HandSolder,18681,11/23/2023,2,0.11
71,R23 R24 R27 R43 R44 R47 R59 R60 R63 R71 R131 R134 R165 R166 R169 R177 R178 R181 R209 R210 R213 R221 R222 R225 R253 R254 R257 R265 R266 R269 R297 R298 R301 R309 R310 R313 R341 R342 R345 R353 R354 R357 R385 R386 R389 R397 R398 R401,ROHM Semiconductor,ESR18EZPF24R9,24.9 Ohm,1%,RES SMD 24.9 OHM 1% 1/2W 1206,R_1210_3225Metric_Pad1.30x2.65mm_HandSolder,44987,10/12/2023,48,0.17
72,R6,YAGEO,RC0805FR-07324RL,324 Ohms,1%,RES 324 OHM 1% 1/8W 0805,R_0805_2012Metric_Pad1.20x1.40mm_HandSolder,168723,08/29/2024,1,0.1
73,R17 R29 R30 R37 R49 R50 R53 R65 R136 R140 R148 R149 R159 R171 R183 R184 R192 R193 R203 R215 R227 R228 R236 R237 R247 R259 R271 R272 R280 R281 R291 R303 R315 R316 R324 R325 R335 R347 R359 R360 R368 R369 R379 R391 R403 R404 R412 R413,YAGEO,RC0805FR-07510RL,510 Ohm,1%,RES 510 OHM 1% 1/8W 0805,R_0805_2012Metric_Pad1.20x1.40mm_HandSolder,101449,10/13/2023,48,0.1
74,R118 R120,Panasonic,RC0805FR-07649RL,649 Ohms,1%,RES 649 OHM 1% 1/8W 0805,R_0805_2012Metric_Pad1.20x1.40mm_HandSolder,51394,11/22/2023,2,0.1
75,R51 R137 R157 R201 R245 R289 R333 R377,YAGEO,RC0805FR-07732RL,732 Ohms,1%,RES 732 OHM 1% 1/8W 0805,R_0805_2012Metric_Pad1.20x1.40mm_HandSolder,98698,08/29/2024,8,0.1
76,R3 R7,Stackpole Electronics Inc,RNCP0805FTD1K50,1.5k,1%,RES SMD 1.5K OHM 0.5% 1/4W 0805,R_0805_2012Metric_Pad1.20x1.40mm_HandSolder,81929,04/12/2020,2,0.25
77,R9 R12,Yageo,RC0805FR-072KL,2k,1%,RES 2K OHM 1% 1/8W 0805,R_0805_2012Metric_Pad1.20x1.40mm_HandSolder,449183,08/31/2023,2,0.1
78,R13 R421 R425 R429 R433 R437 R441 R445,Stackpole Electronics Inc,RMCF0805FT2K20,2.2k,1%,RES 2.2K OHM 1% 1/8W 0805,R_0805_2012Metric_Pad1.20x1.40mm_HandSolder,204832,08/29/2024,8,0.1
79,R5,YAGEO,RC0805FR-073K48L,3.48k,1%,RES 3.48K OHM 1% 1/8W 0805,R_0805_2012Metric_Pad1.20x1.40mm_HandSolder,151006,08/29/2024,1,0.1
80,R79 R138 R139 R143 R152 R187 R196 R231 R240 R275 R284 R319 R328 R363 R372 R407 R416,Yageo,RC0805FR-074K75L,4.75k,1%,RES 4.75K OHM 1% 1/8W 0805,R_0805_2012Metric_Pad1.20x1.40mm_HandSolder,333490,11/22/2023,17,0.10
81,R10,Stackpole Electronics Inc,RMCF0805FT6K65,6.65k,1%,RES 6.65K OHM 1% 1/8W 0805,R_0805_2012Metric_Pad1.20x1.40mm_HandSolder,138592,08/29/2024,1,0.10
82,R8,Yageo,RC0805FR-077K5L,7.5k,1%,RES 7.5K OHM 1% 1/8W 0805,R_0805_2012Metric_Pad1.20x1.40mm_HandSolder,349822,06/20/2024,1,0.1
83,R15 R423 R427 R431 R435 R439 R443 R447,YAGEO,RC0805JR-078K2L,8.2k,1%,RES 8.2K OHM 5% 1/8W 0805,R_0805_2012Metric_Pad1.20x1.40mm_HandSolder,1639877,09/17/2023,8,0.10
84,R1 R2 R18 R19 R20 R21 R22 R25 R26 R28 R38 R39 R40 R41 R42 R45 R46 R48 R54 R55 R56 R57 R58 R61 R62 R64 R66 R67 R68 R69 R70 R80 R81 R82 R83 R84 R85 R86 R87 R88 R89 R90 R91 R92 R93 R94 R95 R96 R99 R100 R101 R102 R103 R104 R105 R106 R107 R108 R109 R110 R111 R112 R113 R114 R115 R116 R117 R122 R123 R124 R125 R126 R127 R128 R129 R130 R132 R133 R135 R160 R161 R162 R163 R164 R167 R168 R170 R172 R173 R174 R175 R176 R179 R180 R182 R204 R205 R206 R207 R208 R211 R212 R214 R216 R217 R218 R219 R220 R223 R224 R226 R248 R249 R250 R251 R252 R255 R256 R258 R260 R261 R262 R263 R264 R267 R268 R270 R292 R293 R294 R295 R296 R299 R300 R302 R304 R305 R306 R307 R308 R311 R312 R314 R336 R337 R338 R339 R340 R343 R344 R346 R348 R349 R350 R351 R352 R355 R356 R358 R380 R381 R382 R383 R384 R387 R388 R390 R392 R393 R394 R395 R396 R399 R400 R402,Yageo,RC0805FR-0710KL,10k,1%,RES SMD 10K OHM 1% 1/8W 0805,R_0805_2012Metric_Pad1.20x1.40mm_HandSolder,30814943,03/04/2020,175,0.10
85,R33 R74 R144 R153 R188 R197 R232 R241 R276 R285 R320 R329 R364 R373 R408 R417,Stackpole Electronics Inc,RMCF0805FT10K7,10.7k,1%,RES 10.7K OHM 1% 1/8W 0805,R_0805_2012Metric_Pad1.20x1.40mm_HandSolder,82740,08/29/2024,16,0.10
86,R11,Yageo,RC0805FR-0714KL,14k,1%,RES 14K OHM 1% 1/8W 0805,R_0805_2012Metric_Pad1.20x1.40mm_HandSolder,163973,11/23/2023,1,0.1
87,R34 R75 R145 R154 R189 R198 R233 R242 R277 R286 R321 R330 R365 R374 R409 R418,Stackpole Electronics Inc,RMCF0805FT27K4,27.4k,1%,RES 27.4K OHM 1% 1/8W 0805,R_0805_2012Metric_Pad1.20x1.40mm_HandSolder,131062,08/29/2024,16,0.1
88,R52 R78 R158 R202 R246 R290 R334 R378,Yageo,RC0805FR-0739KL,39k,1%,RES 39K OHM 1% 1/8W 0805,R_0805_2012Metric_Pad1.20x1.40mm_HandSolder,211669,10/12/2023,8,0.10
89,R36 R77 R147 R156 R191 R200 R235 R244 R279 R288 R323 R332 R367 R376 R411 R420,Panasonic Electronic Components,ERJ-6ENF4122V,41.2k,1%,RES SMD 41.2K OHM 1% 1/8W 0805,R_0805_2012Metric_Pad1.20x1.40mm_HandSolder,56508,08/29/2024,16,0.1
90,R32 R73 R142 R151 R186 R195 R230 R239 R274 R283 R318 R327 R362 R371 R406 R415,YAGEO,RC0805FR-0768K1L,68.1k,1%,RES 68.1K OHM 1% 1/8W 0805,R_0805_2012Metric_Pad1.20x1.40mm_HandSolder,219817,09/17/2023,16,0.1
91,R14 R422 R426 R430 R434 R438 R442 R446,YAGEO,RC0805FR-0771K5L,71.5k,1%,RES 71.5K OHM 1% 1/8W 0805,R_0805_2012Metric_Pad1.20x1.40mm_HandSolder,229895,09/19/2023,8,0.02
92,R119 R121,Yageo,RC0805FR-07100KL,100k,1%,RES 100K OHM 1% 1/8W 0805,R_0805_2012Metric_Pad1.20x1.40mm_HandSolder,3152360,11/22/2023,2,0.10
93,R31 R72 R141 R150 R185 R194 R229 R238 R273 R282 R317 R326 R361 R370 R405 R414,YAGEO,RC0805FR-131ML,1M,1%,RES 1M OHM 1% 1/8W 0805,R_0805_2012Metric_Pad1.20x1.40mm_HandSolder,55662,09/17/2023,16,0.1
94,SW1,Omron Electronics,B3FS-1012P,RESET,,SWITCH TACTILE SPST-NO 0.05A 24V,SW_SPST_Omron_B3FS-1012P,132519,11/22/2023,1,0.68
95,TP1 TP2 TP3 TP4 TP5 TP6 TP7 TP8 TP9 TP10 TP11 TP12 TP13 TP14 TP15 TP16 TP17 TP18 TP19 TP20 TP21 TP22 TP23 TP24 TP25 TP26 TP27 TP28 TP29 TP30 TP31 TP32 TP33 TP34 TP35 TP36 TP37 TP38 TP39 TP40 TP41 TP42 TP43 TP44 TP45 TP46 TP47,Harwin Inc.,S1751-46R,8.8V,,PC TEST POINT NATURAL,Harwin_TP_S1751-46R,137718,11/23/2023,47,0.26
96,U36 U44 U45 U54 U70 U81 U97 U108 U124 U135 U151 U162 U178 U189 U205 U216,Texas Instruments,SN74LVC1G14DBVT,74LVC1G14,,IC INVERTER 1CH 1-INP SOT23-5,SOT-23-5_HandSoldering,62774,01/29/2024,16,0.46
97,U7 U227 U228 U229 U230 U231 U232 U233,Rohm Semiconductor,BD00C0AWFP-CE2,BD00C0AWFP,,IC REG LINEAR POS ADJ 1A TO252-5,TO-252-4_Thermal_Vias,3683,11/23/2023,8,1.12
98,U4,ROHM Semiconductor,BD33C0AFP-CE2,BD33C0AFP,,IC REG LINEAR 3.3V 1A TO252-3,TO-252-3,7544,09/22/2023,1,1.21
99,U13 U25 U43 U56 U72 U83 U99 U110 U126 U137 U153 U164 U180 U191 U207 U218,Mini-Circuits,DAT-15R5A-PP+,DAT-15R5A-PP+,,"15.5 dB SMT Digital Step Attenuator, DC - 4000 MHz, 50Ω",DG983-2,2286,11/20/2023,16,4.78
100,U9 U17 U21 U29 U33 U49 U51 U60 U67 U76 U78 U87 U94 U103 U105 U114 U121 U130 U132 U141 U148 U157 U159 U168 U175 U184 U186 U195 U202 U211 U213 U222,Mini-Circuits,DAT-31A-PP+,DAT-31A-PP+,,"31 dB SMT Digital Step Attenuator, DC - 4000 MHz, 50Ω",DG983-2,5247,11/30/2023,32,4.78
101,U1 U2 U3,Analog Devices,DS18B20U+,DS18B20U,,"TEMP SENSOR, 55 ~ 125C, 1-WIRE DIGITAL",MSOP-8_3x3mm_P0.65mm,3721,11/22/2023,3,4.89
102,U11 U15 U16 U23 U27 U28 U35 U47 U48 U53 U58 U59 U69 U74 U75 U80 U85 U86 U96 U101 U102 U107 U112 U113 U123 U128 U129 U134 U139 U140 U150 U155 U156 U161 U166 U167 U177 U182 U183 U188 U193 U194 U204 U209 U210 U215 U220 U221,Mini-Circuits,GALI-74+,GALI-74+,,"SMT Low Noise Amplifier, DC - 1000 MHz, 50Ω",MCL_Gali,1228,11/23/2023,48,2.84
103,U12 U14 U24 U26 U37 U46 U55 U57 U71 U73 U82 U84 U98 U100 U109 U111 U125 U127 U136 U138 U152 U154 U163 U165 U179 U181 U190 U192 U206 U208 U217 U219,Analog Devices Inc.,HMC194AMS8ETR,HMC194AMS8,,IC RF SWITCH SPDT 3GHZ 8MSOP,MSOP-8_3x3mm_P0.65mm,2056,11/23/2023,32,4.47
104,U31 U39 U65 U92 U119 U146 U173 U200,Analog Devices Inc./Maxim Integrated,MAX7301AAI+,MAX7301AAI+,,I/O Expander 20 SPI 26 MHz 28-SSOP,SSOP-28_5.3x10.2mm_P0.65mm,1443,11/23/2023,8,6.78
105,U8 U10 U20 U22 U32 U34 U50 U52 U66 U68 U77 U79 U93 U95 U104 U106 U120 U122 U131 U133 U147 U149 U158 U160 U174 U176 U185 U187 U201 U203 U212 U214,pSemi,PE42540G-Z,PE42540,,IC RF SWITCH SP4T 8GHZ 32LGA,LGA-32-1EP_5x5mm_P0.5mm_EP3.08x3.08mm,5294,11/23/2023,32,8.49
106,U41,Microchip Technology,PIC16F15386-I/PT,PIC16F15386-xPT,,IC MCU 8BIT 28KB FLASH 48TQFP,TQFP-48_7x7mm_P0.5mm,1603,11/22/2023,1,1.69
107,U42,Texas Instruments,SN74LVC16244ADGGR,SN74LVC16244ADGGR,,IC BUF NON-INVERT 3.6V 48TSSOP,TSSOP-48_6.1x12.5mm_P0.5mm,1590,11/23/2023,1,0.90
108,U40,Texas Instruments,THVD1450DR,THVD1450DR,,IC TRANSCEIVER HALF 1/1 8-SOIC,SOIC-8_3.9x4.9mm_P1.27mm,55032,11/22/2023,1,2.28
109,U5 U6,Texas Instruments,TL431CDBZR,TL431DBZ,NA,IC VREF SHUNT 36V 2.2% SOT23-3,SOT-23,63199,4/8/2020,2,0.43
110,U19 U38 U62 U64 U89 U91 U116 U118 U143 U145 U170 U172 U197 U199 U224 U226,Texas Instruments,TPS16412DRCR,TPS16412,,Electronic Fuse Regulator High-Side 1.8A 10-VSON (3x3),Texas_S-PVSON-N10_ThermalVias,1919,09/17/2023,16,1.37





Component Groups:,110
Component Count:,2750
Fitted Components:,2750
Number of PCBs:,1
Total components:,2750
Schematic Version:,2.0
Schematic Date:,2024-07-31
PCB Variant:,default
BoM Date:,2024-10-27T16:57:11-0400
Schematic Source:,ARX.kicad_sch
KiCad Version:,Eeschema 8.0.6-unknown-202410270734~d1684b8a72~ubuntu20.04.1
